V0,correct,0.9563,0.9329,0.9767
V0,faithful,0.691,0.6472,0.7405
V0,llm_calls,1.0,1.0,1.0
V0,gate_llm_calls,0.0,0.0,0.0
V0,latency_s,0.91,0.7886,1.0646
V1,correct,0.9009,0.8688,0.9301
V1,faithful,0.7965,0.7474,0.8386
V1,llm_calls,10.7638,10.3817,11.1925
V1,gate_llm_calls,9.414,9.0816,9.7814
V1,latency_s,6.0708,5.2689,7.3258
V2,correct,0.9096,0.8805,0.9388
V2,faithful,0.7449,0.6939,0.7925
V2,llm_calls,1.3936,1.3003,1.4841
V2,gate_llm_calls,0.0,0.0,0.0
V2,latency_s,1.2135,1.1057,1.3618
V3,correct,0.9125,0.8834,0.9417
V3,faithful,0.7816,0.7304,0.8259
V3,llm_calls,3.3557,3.1224,3.6006
V3,gate_llm_calls,2.0029,1.8133,2.1983
V3,latency_s,2.0583,1.9081,2.2139
hw_V0,correct,0.9125,0.85,0.9625
hw_V0,faithful,0.5125,0.4,0.6128
hw_V0,llm_calls,1.0,1.0,1.0
hw_V0,gate_llm_calls,0.0,0.0,0.0
hw_V0,latency_s,0.8411,0.7089,1.0165
hw_V3,correct,0.8875,0.8125,0.95
hw_V3,faithful,0.6552,0.5172,0.7759
hw_V3,llm_calls,3.9875,3.4125,4.65
hw_V3,gate_llm_calls,2.525,2.0625,3.075
hw_V3,latency_s,2.7488,2.2077,3.4011
tau0.7_V3,correct,0.9038,0.8717,0.9359
tau0.7_V3,faithful,0.7831,0.7322,0.8271
tau0.7_V3,llm_calls,2.0554,1.8863,2.2157
tau0.7_V3,gate_llm_calls,0.688,0.5772,0.7988
tau0.7_V3,latency_s,1.5682,1.4186,1.7303
tau0.85_V3,correct,0.9096,0.8804,0.9388
tau0.85_V3,faithful,0.7698,0.7182,0.8179
tau0.85_V3,llm_calls,4.4286,4.1487,4.7291
tau0.85_V3,gate_llm_calls,3.1079,2.8804,3.3557
tau0.85_V3,latency_s,2.6944,2.4559,2.9949
tau0.95_V3,correct,0.9155,0.8834,0.9446
tau0.95_V3,faithful,0.7877,0.7432,0.8322
tau0.95_V3,llm_calls,6.0816,5.7579,6.4402
tau0.95_V3,gate_llm_calls,4.7493,4.4896,5.0466
tau0.95_V3,latency_s,3.5627,3.2807,3.8779
